osm_key,osm_value,shared_label
shop,alcohol,Liquor Store
shop,antiques,Specialty Store
shop,appliance,Specialty Store
shop,bakery,Bakery
shop,beauty,Hair and Beauty
shop,bicycle,Bike shop
shop,boat,Car Dealer
shop,books,Bookstore
shop,cannabis,Cannabis Dispensary
shop,car,Car Dealer
shop,caravan,Car Dealer
shop,car_parts,Car Repair
shop,car_repair,Car Repair
shop,chemist,Pharmacy
shop,clothes,Clothing Store
shop,convenience,Convenience Store
shop,copyshop,Print and Copy Shop
shop,deli,Fast Food
shop,department_store,Clothing Store
shop,doityourself,Specialty Store
shop,dry_cleaning,Dry Cleaning
shop,e-cigarette,Specialty Store
shop,electronics,Specialty Store
shop,florist,Florist
shop,funeral_directors,Funeral Services
shop,furniture,Furniture Store
shop,garden_centre,Garden Store
shop,gift,Specialty Store
shop,hairdresser,Hair and Beauty
shop,hardware,Hardware
shop,jewelry,Jewelry Store
shop,kiosk,Convenience Store
shop,laundry,Laundromat
shop,locksmith,Home Service
shop,mall,Shopping Center
shop,massage,Massage Therapy
shop,mobile_phone,Cell Phone Store
shop,money_lender,Other Financial
shop,motorcycle,Car Dealer
shop,optician,Eye Care
shop,pawnbroker,Thrift Store
shop,pet,Pet Store
shop,pet_grooming,Pet Store
shop,second_hand,Thrift Store
shop,shoes,Shoe Store
shop,sports,Sports Outlet
shop,storage_rental,Self-Storage
shop,supermarket,Supermarket
shop,tattoo,Tattoo and Piercing
shop,tobacco,Specialty Store
shop,tires,Tire Store
shop,trade,Hardware
shop,tyres,Tire Store
shop,variety_store,Discount Store
shop,wholesale,Wholesale Store
healthcare,alternative,Alternative Medicine
healthcare,blood_donation,Other Healthcare
healthcare,chiropractor,Other Healthcare
healthcare,clinic,Clinic
healthcare,counselling,Counseling
healthcare,dentist,Dentist
healthcare,dialysis,Other Healthcare
healthcare,doctor,Clinic
healthcare,hospice,Other Healthcare
healthcare,hospital,Hospital
healthcare,laboratory,Other Healthcare
healthcare,midwife,Maternity Center
healthcare,occupational_therapist,Occupational Therapy
healthcare,optometrist,Eye Care
healthcare,pharmacy,Pharmacy
healthcare,physiotherapist,Physical Therapy
healthcare,psychotherapist,Mental Health
healthcare,rehabilitation,Physical Therapy
healthcare,speech_therapist,Speech Therapist
amenity,animal_boarding,Pet Store
amenity,animal_breeding,Other Amenity
amenity,animal_shelter,Animal Shelter
amenity,animal_training,Other Amenity
amenity,archive,Library
amenity,art_school,School
amenity,arts_centre,Arts Venue
amenity,atm,ATM
amenity,auditorium,Performing Arts
amenity,bank,Bank
amenity,bar,Bar
amenity,biergarten,Bar
amenity,boat_rental,Recreation
amenity,boat_storage,Self-Storage
amenity,bureau_de_change,Other Financial
amenity,bus_station,Other Amenity
amenity,cafe,Cafe
amenity,canteen,Restaurant
amenity,car_rental,Car Rental
amenity,car_wash,Car Wash
amenity,casino,Casino
amenity,charging_station,Charging Station
amenity,childcare,Childcare
amenity,cinema,Movie Theater
amenity,clinic,Clinic
amenity,clubhouse,Social Club
amenity,college,University
amenity,community_centre,Community Center
amenity,concert_hall,Performing Arts
amenity,conference_centre,Event Venue
amenity,cooking_school,School
amenity,courthouse,Government Office
amenity,coworking_space,Other Professional
amenity,crematorium,Funeral Services
amenity,customs,Government Office
amenity,dancing_school,Performing Arts
amenity,dentist,Dentist
amenity,dive_centre,Recreation
amenity,doctors,Clinic
amenity,dojo,Fitness Center
amenity,dormitory,Other Amenity
amenity,driver_training,School
amenity,driving_school,School
amenity,events_centre,Event Venue
amenity,events_venue,Event Venue
amenity,exhibition_centre,Event Venue
amenity,fast_food,Fast Food
amenity,ferry_terminal,Other Amenity
amenity,festival_grounds,Event Venue
amenity,financial_advice,Other Financial
amenity,fire_station,Public Safety
amenity,flight_school,School
amenity,food_court,Restaurant
amenity,fortune_teller,Other Amenity
amenity,fountain,Other Amenity
amenity,fraternity,Social Club
amenity,fuel,Gas Station
amenity,funeral_hall,Funeral Services
amenity,gambling,Casino
amenity,grave_yard,Cemetery
amenity,healthcare,Other Healthcare
amenity,hookah_lounge,Bar
amenity,hospital,Hospital
amenity,ice_cream,Dessert Shop
amenity,internet_cafe,Cafe
amenity,karaoke_box,Nightclub
amenity,kindergarten,Kindergarten
amenity,language_school,School
amenity,library,Library
amenity,lounge,Other Amenity
amenity,marketplace,Market
amenity,monastery,Place of Worship
amenity,money_transfer,Other Financial
amenity,mortuary,Funeral Services
amenity,motorcycle_rental,Car Rental
amenity,mountain_rescue,Public Safety
amenity,museum,Museum
amenity,music_school,School
amenity,music_venue,Performing Arts
amenity,nightclub,Nightclub
amenity,nursing_home,Other Healthcare
amenity,payment_centre,Other Financial
amenity,pharmacy,Pharmacy
amenity,place_of_worship,Place of Worship
amenity,planetarium,Museum
amenity,police,Public Safety
amenity,polling_station,Government Office
amenity,post_depot,Post Office
amenity,post_office,Post Office
amenity,prep_school,School
amenity,prison,Public Safety
amenity,pub,Bar
amenity,public_bath,Recreation
amenity,public_building,Government Office
amenity,ranger_station,Other Amenity
amenity,research_institute,Other Professional
amenity,restaurant,Restaurant
amenity,retirement_home,Other Healthcare
amenity,rv_storage,Self-Storage
amenity,school,School
amenity,self_storage,Self-Storage
amenity,shower,Other Amenity
amenity,ski_rental,Sports Outlet
amenity,ski_school,School
amenity,social_centre,Social Club
amenity,social_club,Social Club
amenity,social_facility,Community Center
amenity,sorority,Social Club
amenity,spa,Hair and Beauty
amenity,stripclub,Nightclub
amenity,student_accommodation,Other Amenity
amenity,student_accomodation,Other Amenity
amenity,student_accomodations,Other Amenity
amenity,studio,Arts Venue
amenity,swingerclub,Nightclub
amenity,tent_pad,Campground
amenity,theatre,Performing Arts
amenity,toilets,Public Restroom
amenity,towing,Car Repair
amenity,townhall,Government Office
amenity,trade_school,School
amenity,traffic_park,Recreation
amenity,trailer_park,Campground
amenity,training,School
amenity,university,University
amenity,vehicle_inspection,Car Repair
amenity,veterinary,Veterinarian
amenity,warehouse,Other Amenity
amenity,waste_transfer_station,Other Amenity
amenity,weigh_station,Other Amenity
leisure,adult_gaming_centre,Arcade
leisure,amusement_arcade,Arcade
leisure,axe_throwing,Recreation
leisure,bandstand,Performing Arts
leisure,bathing_place,Swimming Pool
leisure,batting_cage,Recreation
leisure,beach_resort,Hotel
leisure,bird_hide,Recreation
leisure,bowling_alley,Bowling Alley
leisure,common,Park
leisure,commons,Park
leisure,dance,Performing Arts
leisure,disc_golf_course,Recreation
leisure,dog_park,Dog Park
leisure,escape_game,Recreation
leisure,fishing,Recreation
leisure,fitness_centre,Fitness Center
leisure,garden,Park
leisure,golf_course,Golf Course
leisure,hackerspace,Social Club
leisure,horse_riding,Recreation
leisure,ice_rink,Recreation
leisure,indoor_play,Recreation
leisure,marina,Marina
leisure,maze,Recreation
leisure,miniature_golf,Recreation
leisure,mixed-use_track,Recreation
leisure,nature_reserve,Park
leisure,offroad_driving,Recreation
leisure,paddling_pool,Swimming Pool
leisure,park,Park
leisure,parklet,Park
leisure,pitch,Recreation
leisure,playground,Playground
leisure,practice_pitch,Recreation
leisure,recreation_ground,Recreation
leisure,resort,Hotel
leisure,sauna,Recreation
leisure,schoolyard,Recreation
leisure,shooting_ground,Recreation
leisure,social_club,Social Club
leisure,spa,Hair and Beauty
leisure,sports_centre,Recreation
leisure,sports_hall,Recreation
leisure,stadium,Stadium
leisure,summer_camp,Campground
leisure,swimming_area,Swimming Pool
leisure,swimming_pool,Swimming Pool
leisure,tanning_salon,Hair and Beauty
leisure,track,Recreation
leisure,trampoline_park,Recreation
leisure,water_park,Recreation
leisure,wildlife_hide,Recreation
tourism,alpine_hut,Hotel
tourism,apartment,Hotel
tourism,aquarium,Recreation
tourism,artwork,Other Amenity
tourism,attraction,Recreation
tourism,cabin,Hotel
tourism,camp_site,Campground
tourism,caravan_site,Campground
tourism,chalet,Hotel
tourism,gallery,Arts Venue
tourism,guest_house,Hotel
tourism,hostel,Hotel
tourism,hotel,Hotel
tourism,motel,Hotel
tourism,museum,Museum
tourism,nature_centre,Museum
tourism,ruins,Historic Site
tourism,rv_pitch,Campground
tourism,theme_park,Recreation
tourism,trail_riding_station,Recreation
tourism,viewpoint,Other Amenity
tourism,wilderness_hut,Hotel
tourism,winery,Other Amenity
tourism,zoo,Recreation
office,accountant,Other Financial
office,administrative,Government Office
office,adoption_agency,Other Professional
office,advertising_agency,Other Professional
office,apartments,Real Estate
office,architect,Other Professional
office,association,Community Center
office,auctioneer,Other Professional
office,bail_bond_agent,Legal Service
office,bank,Bank
office,camping,Other Professional
office,charity,Other Professional
office,cheque_cashing,Other Financial
office,church,Place of Worship
office,cleaning,Home Service
office,company,Other Professional
office,construction,Other Professional
office,construction_company,Other Professional
office,consulting,Other Professional
office,contractor,Other Professional
office,cooperative,Other Professional
office,courier,Other Professional
office,coworking,Other Professional
office,design,Other Professional
office,diplomatic,Government Office
office,education,School
office,educational_institution,School
office,employment_agency,Other Professional
office,engineer,Other Professional
office,energy_supplier,Other Professional
office,engineering,Other Professional
office,estate_agent,Real Estate
office,financial,Other Financial
office,financial_advisor,Other Financial
office,forestry,Other Professional
office,foundation,Other Professional
office,general_contractor,Other Professional
office,government,Government Office
office,graphic_design,Other Professional
office,guide,Other Professional
office,harbour_master,Government Office
office,healthcare,Other Healthcare
office,home_care,Other Healthcare
office,insurance,Other Financial
office,interior_design,Other Professional
office,investment,Other Financial
office,it,Other Professional
office,lawyer,Legal Service
office,leasing,Real Estate
office,logistics,Other Professional
office,logistics_service,Other Professional
office,marketing,Other Professional
office,medical,Clinic
office,military,Government Office
office,mortgage,Other Financial
office,moving_company,Home Service
office,newspaper,Other Professional
office,ngo,Community Center
office,notary,Legal Service
office,parish,Place of Worship
office,pest_control,Home Service
office,physician,Clinic
office,political_party,Community Center
office,private_investigator,Other Professional
office,property_management,Real Estate
office,publisher,Other Professional
office,quango,Government Office
office,rectory,Place of Worship
office,religion,Place of Worship
office,research,Other Professional
office,school,School
office,security,Other Professional
office,software,Other Professional
office,surveyor,Other Professional
office,tax_advisor,Other Financial
office,taxi,Other Professional
office,telecommunication,Other Professional
office,therapist,Counseling
office,towing,Other Professional
office,transport,Other Professional
office,transportation,Other Professional
office,travel_agent,Other Professional
office,tutoring,School
office,union,Other Professional
office,university,University
office,utility,Government Office
office,water_utility,Government Office
office,wedding_planner,Other Professional
craft,brewery,Bar
craft,builder,Home Service
craft,carpenter,Home Service
craft,caterer,Bakery
craft,cleaning,Home Service
craft,confectionery,Bakery
craft,dressmaker,Clothing Store
craft,electrician,Home Service
craft,electronics_repair,Specialty Store
craft,gardener,Home Service
craft,glaziery,Home Service
craft,grinding_mill,Specialty Store
craft,handicraft,Specialty Store
craft,hvac,Home Service
craft,joiner,Home Service
craft,key_cutter,Home Service
craft,metal_construction,Home Service
craft,painter,Home Service
craft,photographer,Specialty Store
craft,plumber,Home Service
craft,roofer,Home Service
craft,sawmill,Specialty Store
craft,shoemaker,Specialty Store
craft,stonemason,Home Service
craft,tailor,Clothing Store
craft,upholsterer,Home Service
craft,window_construction,Home Service
craft,winery,Bar
historic,aircraft,Historic Site
historic,archaeological_site,Historic Site
historic,battlefield,Historic Site
historic,castle,Historic Site
historic,cemetery,Cemetery
historic,church,Historic Site
historic,city_gate,Historic Site
historic,fort,Historic Site
historic,locomotive,Historic Site
historic,manor,Historic Site
historic,maritime,Historic Site
historic,memorial,Historic Site
historic,monument,Historic Site
historic,naval,Historic Site
historic,ruins,Historic Site
historic,ship,Historic Site
historic,tomb,Historic Site
landuse,cemetery,Cemetery
landuse,religious,Place of Worship
amenity,bbq,EXCLUDE
amenity,bench,EXCLUDE
amenity,bicycle_parking,EXCLUDE
amenity,bicycle_rental,EXCLUDE
amenity,bicycle_repair_station,EXCLUDE
amenity,clock,EXCLUDE
amenity,compressed_air,EXCLUDE
amenity,drinking_water,EXCLUDE
amenity,hunting_stand,EXCLUDE
amenity,letter_box,EXCLUDE
amenity,loading_dock,EXCLUDE
amenity,parcel_locker,EXCLUDE
amenity,parking,EXCLUDE
amenity,parking_entrance,EXCLUDE
amenity,parking_space,EXCLUDE
amenity,payment_terminal,EXCLUDE
amenity,post_box,EXCLUDE
amenity,public_bookcase,EXCLUDE
amenity,sanitary_dump_station,EXCLUDE
amenity,shelter,EXCLUDE
amenity,telephone,EXCLUDE
amenity,trolley_bay,EXCLUDE
amenity,vacuum_cleaner,EXCLUDE
amenity,vending_machine,EXCLUDE
amenity,waste_basket,EXCLUDE
amenity,waste_disposal,EXCLUDE
amenity,water_point,EXCLUDE
amenity,watering_place,EXCLUDE
amenity,weighbridge,EXCLUDE
leisure,bleachers,EXCLUDE
leisure,firepit,EXCLUDE
leisure,fitness_station,EXCLUDE
leisure,hot_tub,EXCLUDE
leisure,outdoor_seating,EXCLUDE
leisure,picnic_table,EXCLUDE
leisure,slipway,EXCLUDE
shop,vacant,EXCLUDE
tourism,camp_pitch,EXCLUDE
tourism,information,EXCLUDE
tourism,picnic_site,EXCLUDE
healthcare,*,Other Healthcare
shop,*,Other Shop
